name,2017 Chevy Bolt (BEV)
vehPtType,4
dragCoef,0.28
frontalAreaM2,2.582
gliderKg,634.92084
vehCgM,0.44
driveAxleWeightFrac,0.7
wheelBaseM,2.6
cargoKg,136.0
hybridDriveType,1
fuelStorKwh,0.0
fuelStorKwhPerKg,9.89
maxFuelConvKw,0.0
fcEffType,1
fuelConvSecsToPeakPwr,6.0
fuelConvBaseKg,61.0
fuelConvKwPerKg,2.13
maxMotorKw,150.0
motorPeakEff,0.95
motorSecsToPeakPwr,3.0
mcPeKgPerKw,0.833
mcPeBaseKg,21.6
maxEssKw,160.0
specialFlag,-1000
maxEssKwh,60.0
essKgPerKwh,8.0
essBaseKg,75.0
essRoundTripEff,0.97
essLifeCoeffA,110.0
essLifeCoeffB,-0.6811
wheelInteriaKgM2,0.815
numWheels,4.0
wheelRrCoeff,0.0073
wheelRadiusM,0.336
wheelCoeffOfFric,0.7
minSoCBatterySwing,0.05
maxSoCBatterySwing,0.98
essDischargeEffortMxFCEff,0.0
essChargeEffortMxFCEff,0.0
mphESSAccRsrvZero,60.0
percentESSReserveForAccel,0.2
percHighAccessoryBuff,0.0
mphFcOn,1.0
kwDemandFcOn,100.0
forceAuxOnFC,0
altEff,1.0
chgEff,0.86
auxKw,0.25
maxRegen,0.98
transKg,114.0
transEff,0.98
compMassMultiplier,1.4
addMassKg,addAuxKW,adjDEMult
0.0,0.89880264,0.94
defaultLargeMotor,1
0.0,0.02,0.04,0.06,0.08,0.1,0.2,0.4,0.6,0.8,1.0
0.83,0.85,0.87,0.89,0.9,0.91,0.93,0.94,0.94,0.93,0.92
