name,2016 Toyota Corolla (ICE)
vehPtType,1
dragCoef,0.3
frontalAreaM2,2.574
gliderKg,1045.636
vehCgM,0.53
driveAxleWeightFrac,0.61
wheelBaseM,2.6
cargoKg,136.0
hybridDriveType,1
fuelStorKwh,441.0
fuelStorKwhPerKg,9.89
maxFuelConvKw,98.0
fcEffType,1
fuelConvSecsToPeakPwr,6.0
fuelConvBaseKg,61.0
fuelConvKwPerKg,2.13
maxMotorKw,0.0
motorPeakEff,0.95
motorSecsToPeakPwr,4.0
mcPeKgPerKw,0.833
mcPeBaseKg,21.6
maxEssKw,0.0
specialFlag,-1
maxEssKwh,0.0
essKgPerKwh,8.0
essBaseKg,75.0
essRoundTripEff,0.97
essLifeCoeffA,110.0
essLifeCoeffB,-0.6811
wheelInteriaKgM2,0.815
numWheels,4.0
wheelRrCoeff,0.01
wheelRadiusM,0.336
wheelCoeffOfFric,0.8
minSoCBatterySwing,0.1
maxSoCBatterySwing,0.95
essDischargeEffortMxFCEff,0.0
essChargeEffortMxFCEff,0.0
mphESSAccRsrvZero,60.0
percentESSReserveForAccel,0.2
percHighAccessoryBuff,0.0
mphFcOn,55.0
kwDemandFcOn,100.0
forceAuxOnFC,0
altEff,1.0
chgEff,0.86
auxKw,0.7
maxRegen,0.9
transKg,114.0
transEff,0.92
compMassMultiplier,1.4
addMassKg,addAuxKW,adjDEMult
0.0,0.8,1.05176
defaultSparkIgnition,0
0.0,0.005,0.015,0.04,0.06,0.1,0.14,0.2,0.4,0.6,0.8,1.0
0.0,0.12,0.16,0.22,0.28,0.33,0.35,0.36,0.35,0.34,0.32,0.3
