name,2017 Honda CR-V (ICE)
vehPtType,1
dragCoef,0.3
frontalAreaM2,2.6
gliderKg,1217.263
vehCgM,0.53
driveAxleWeightFrac,0.61
wheelBaseM,2.6
cargoKg,136.0
hybridDriveType,1
fuelStorKwh,441.0
fuelStorKwhPerKg,9.89
maxFuelConvKw,136.0
fcEffType,1
fuelConvSecsToPeakPwr,6.0
fuelConvBaseKg,61.0
fuelConvKwPerKg,2.13
maxMotorKw,0.0
motorPeakEff,0.95
motorSecsToPeakPwr,4.0
mcPeKgPerKw,0.833
mcPeBaseKg,21.6
maxEssKw,0.0
specialFlag,-1
maxEssKwh,0.0
essKgPerKwh,8.0
essBaseKg,75.0
essRoundTripEff,0.96999997
essLifeCoeffA,110.0
essLifeCoeffB,-0.6811
wheelInteriaKgM2,0.815
numWheels,4.0
wheelRrCoeff,0.009
wheelRadiusM,0.336
wheelCoeffOfFric,0.8
minSoCBatterySwing,0.099999994
maxSoCBatterySwing,0.95
essDischargeEffortMxFCEff,0.0
essChargeEffortMxFCEff,0.0
mphESSAccRsrvZero,60.0
percentESSReserveForAccel,0.19999999
percHighAccessoryBuff,0.0
mphFcOn,55.0
kwDemandFcOn,100.0
forceAuxOnFC,0
altEff,1.0
chgEff,0.86
auxKw,0.7
maxRegen,0.97999996
transKg,114.0
transEff,0.95
compMassMultiplier,1.4
addMassKg,addAuxKW,adjDEMult
0.0,1.4449027,1.02
defaultSparkIgnition,0
0.0,0.005,0.015,0.04,0.06,0.1,0.14,0.2,0.4,0.6,0.8,1.0
0.0,0.12,0.16,0.22,0.28,0.33,0.35,0.36,0.35,0.34,0.32,0.3
