name,2017 Chrysler Pacifica Hybrid (PHEV)
vehPtType,3
dragCoef,0.33
frontalAreaM2,3.6
gliderKg,1659.268
vehCgM,0.53
driveAxleWeightFrac,0.59
wheelBaseM,2.6
cargoKg,136.0
hybridDriveType,3
fuelStorKwh,380.0
fuelStorKwhPerKg,9.89
maxFuelConvKw,160.0
fcEffType,2
fuelConvSecsToPeakPwr,6.0
fuelConvBaseKg,61.0
fuelConvKwPerKg,2.13
maxMotorKw,145.0
motorPeakEff,0.95
motorSecsToPeakPwr,3.0
mcPeKgPerKw,0.833
mcPeBaseKg,21.6
maxEssKw,60.0
specialFlag,0
maxEssKwh,16.0
essKgPerKwh,8.0
essBaseKg,75.0
essRoundTripEff,0.96999997
essLifeCoeffA,110.0
essLifeCoeffB,-0.6811
wheelInteriaKgM2,0.815
numWheels,4.0
wheelRrCoeff,0.006
wheelRadiusM,0.336
wheelCoeffOfFric,0.7
minSoCBatterySwing,0.22
maxSoCBatterySwing,0.93
essDischargeEffortMxFCEff,1.0
essChargeEffortMxFCEff,0.0
mphESSAccRsrvZero,60.0
percentESSReserveForAccel,0.19999999
percHighAccessoryBuff,0.0
mphFcOn,85.0
kwDemandFcOn,68.0
forceAuxOnFC,0
altEff,1.0
chgEff,0.86
auxKw,0.3
maxRegen,0.97999996
transKg,114.0
transEff,0.97999996
compMassMultiplier,1.4
addMassKg,addAuxKW,adjDEMult
0.0,0.6048776,1.0
_usingDefaultEngineAndMotorCurvesInFASTSim
