name,2017 Chevy Volt 18kWh (PHEV)
vehPtType,3
dragCoef,0.3
frontalAreaM2,2.565
gliderKg,1082.5991
vehCgM,0.53
driveAxleWeightFrac,0.59
wheelBaseM,2.6
cargoKg,136.0
hybridDriveType,1
fuelStorKwh,297.0
fuelStorKwhPerKg,9.89
maxFuelConvKw,75.0
fcEffType,1
fuelConvSecsToPeakPwr,6.0
fuelConvBaseKg,61.0
fuelConvKwPerKg,2.13
maxMotorKw,111.0
motorPeakEff,0.95
motorSecsToPeakPwr,3.0
mcPeKgPerKw,0.833
mcPeBaseKg,21.6
maxEssKw,115.0
specialFlag,0
maxEssKwh,18.4
essKgPerKwh,8.0
essBaseKg,75.0
essRoundTripEff,0.97
essLifeCoeffA,110.0
essLifeCoeffB,-0.6811
wheelInteriaKgM2,0.815
numWheels,4.0
wheelRrCoeff,0.007
wheelRadiusM,0.336
wheelCoeffOfFric,0.7
minSoCBatterySwing,0.15
maxSoCBatterySwing,0.9
essDischargeEffortMxFCEff,1.0
essChargeEffortMxFCEff,0.0
mphESSAccRsrvZero,60.0
percentESSReserveForAccel,0.2
percHighAccessoryBuff,0.0
mphFcOn,85.0
kwDemandFcOn,120.0
forceAuxOnFC,0
altEff,1.0
chgEff,0.86
auxKw,0.3
maxRegen,0.98
transKg,114.0
transEff,0.98
compMassMultiplier,1.4
addMassKg,addAuxKW,adjDEMult
0.0,0.8296417,1.02
_usingDefaultEngineAndMotorCurvesInFASTSim
