__generalSettings
1,true,1,180,180,180,false,false,false
__pointsPlottingSetting
Corolla (ICE Mid-Sized)
0,true,Circle,8,3,255,0,0,true,false,UpperRight,11,3
CRV (ICE Crossover)
1,true,Circle,8,3,255,0,0,true,false,UpperRight,11,3
PriusHEV (HEV Mid-Sized)
2,true,Circle,8,3,238,125,49,true,false,UpperRight,11,3
PriusPrime (PHEV25 Mid-Sized)
3,true,Circle,8,3,0,176,240,true,false,UpperRight,11,3
Volt18kWh (PHEV40 Compact)
4,true,Circle,8,3,0,176,240,true,false,UpperRight,11,3
CMaxPHEV (PHEV20 Crossover)
5,true,Circle,8,3,0,176,240,true,false,UpperRight,11,3
PacificaPHEV (PHEV25 MiniVan)
6,true,Circle,8,3,0,176,240,true,false,UpperRight,11,3
Leaf40kWh (BEV150 Compact)
7,true,Circle,8,3,0,176,80,true,false,UpperRight,11,3
Bolt (BEV238 Sub-Compact)
8,true,Circle,8,3,0,176,80,true,false,UpperRight,11,3
ModelS75kWh (Luxury BEV280 Mid-Sized)
9,true,Circle,8,3,0,176,80,true,false,UpperRight,11,3
