__generalSettings
1,true,1,180,180,180,false,false,false
__pointsPlottingSetting
Corolla
0,true,Circle,8,3,255,0,0,true,false,UpperRight,11,3
CRV
1,true,Circle,8,3,255,0,0,true,false,UpperRight,11,3
PriusHEV
2,true,Circle,8,3,238,125,49,true,false,UpperRight,11,3
PriusPrime
3,true,Circle,8,3,0,176,240,true,false,UpperRight,11,3
Volt18kWh
4,true,Circle,8,3,0,176,240,true,false,UpperRight,11,3
CMaxPHEV
5,true,Circle,8,3,0,176,240,true,false,UpperRight,11,3
PacificaPHEV
6,true,Circle,8,3,0,176,240,true,false,UpperRight,11,3
Leaf40kWh
7,true,Circle,8,3,0,176,80,true,false,UpperRight,11,3
Bolt (Sub Compact)
8,true,Circle,8,3,0,176,80,true,false,UpperRight,11,3
ModelS75kWh
9,true,Circle,8,3,0,176,80,true,false,UpperRight,11,3
