tco,17,17,114,true,false,false
netAquisitionCost,255,0,155,true,false,false
purcahseCost,78,16,128,true,false,false
allElseInVeh,160,160,160,true,false,false
ice,130,56,0,true,false,false
motor,255,205,0,true,false,false
battery,0,176,80,true,false,false
homeChargerCost,255,150,120,true,false,false
pvResaleValue,186,224,184,true,false,false
firstYearEqIncentives,255,255,213,true,false,false
totalRunningCost,120,175,205,true,false,false
licCost,255,178,232,true,false,false
insCost,193,117,255,true,false,false
mntCost,255,35,127,true,false,false
fuelCost,0,0,0,true,false,false
electCost,255,255,0,true,false,false
bevRepCost,255,0,0,true,false,false
0,true
1,true
2,true
3,true
4,true
5,true
6,true
7,true
8,true
9,true
11,true,1,1,180,180,180,true
