name,2017 Toyota Prius (HEV)
vehPtType,2
dragCoef,0.25
frontalAreaM2,2.5
gliderKg,975.0925
vehCgM,0.53
driveAxleWeightFrac,0.59
wheelBaseM,2.69
cargoKg,136.0
hybridDriveType,3
fuelStorKwh,401.0
fuelStorKwhPerKg,9.89
maxFuelConvKw,73.1
fcEffType,2
fuelConvSecsToPeakPwr,6.0
fuelConvBaseKg,61.0
fuelConvKwPerKg,2.13
maxMotorKw,36.0
motorPeakEff,0.95
motorSecsToPeakPwr,3.0
mcPeKgPerKw,0.833
mcPeBaseKg,21.6
maxEssKw,27.0
specialFlag,0
maxEssKwh,1.3
essKgPerKwh,44.0
essBaseKg,0.0
essRoundTripEff,0.83
essLifeCoeffA,86.0
essLifeCoeffB,-0.6844
wheelInteriaKgM2,0.815
numWheels,4.0
wheelRrCoeff,0.006
wheelRadiusM,0.336
wheelCoeffOfFric,0.7
minSoCBatterySwing,0.39999998
maxSoCBatterySwing,0.79999995
essDischargeEffortMxFCEff,0.0
essChargeEffortMxFCEff,0.0
mphESSAccRsrvZero,60.0
percentESSReserveForAccel,0.19999999
percHighAccessoryBuff,0.0
mphFcOn,60.0
kwDemandFcOn,100.0
forceAuxOnFC,0
altEff,1.0
chgEff,0.86
auxKw,0.3
maxRegen,0.9
transKg,114.0
transEff,0.97999996
compMassMultiplier,1.4
addMassKg,addAuxKW,adjDEMult
0.0,0.8869068,1.02
_usingDefaultEngineAndMotorCurvesInFASTSim