14,1,2,true,true
1,180,180,180
1,210,210,210
128,128,128
0,0,255
255,128,0
Corolla (ICE Mid-Sized)
0,true,255,0,0,3,0,0,0,2,255,171,171
CRV (ICE Crossover)
1,true,255,0,0,3,0,0,0,2,255,171,171
PriusHEV (HEV Mid-Sized)
2,true,238,125,49,3,0,0,0,2,250,212,187
PriusPrime (PHEV25 Mid-Sized)
3,true,0,176,240,3,0,0,0,2,171,229,251
Volt18kWh (PHEV40 Compact)
4,true,0,176,240,3,0,0,0,2,171,229,251
CMaxPHEV (PHEV20 Crossover)
5,true,0,176,240,3,0,0,0,2,171,229,251
PacificaPHEV (PHEV25 MiniVan)
6,true,0,176,240,3,0,0,0,2,171,229,251
Leaf40kWh (BEV150 Compact)
7,true,0,176,80,3,0,0,0,2,171,229,197
Bolt (BEV238 Sub-Compact)
8,true,0,176,80,3,0,0,0,2,171,229,197
ModelS75kWh (Luxury BEV280 Mid-Sized)
9,true,0,176,80,3,0,0,0,2,171,229,197
